Workbook

Sheet 工作表1
A1: 客戶名稱 | B1: 統編 | C1: 注意事項 | D1: 登記人 | E1: 通知怡蓉
A2: 西北臺慶科技股份有限公司 | B2: 86978512 | C2: FERRITE CORE 8505.90.92.00-4 | D2: 圓 | E2: OK
A3: 快異點企業有限公司 | B3: 16255464 | C3: 電子連接線 8544.42.10.00-5 | D3: 圓 | E3: OK
A4: 衡星科技股份有限公司 | B4: 83038679 | C4: CABLE 8544.42.10.00-5 CONNECTOR 8536.90.20.00-4 | D4: 圓 | E4: OK
A5: 立寰科技股份有限公司 | B5: 80567479 | C5: MLCC 8532.24.00.00-3 | D5: 孟 | E5: OK
A6: 希恩與梅莉號商行 | B6: 94884497 | C6: 純銀戒指 7113.11.00.00-7 | D6: 圓03/30 | E6: OK
A7: 榮藝科技有限公司 | B7: 28064139 | C7: 塑料防護物 3926.90.39.00-1 | D7: 庭03/30 | E7: OK
A8: 靚川有限公司 | B8: 97416237 | C8: 連接器_connector 8536.90.20.00-4 | D8: 圓03/30 | E8: OK
A9: 台灣愛光塑膠股份有限公司 | B9: 76025059 | C9: GOODS PAYMENT POUCH POLYESTER 4202.32.00.20-6 | D9: 圓03/31 | E9: OK
A10: 鐽昇實業有限公司 | B10: 54865001 | C10: 積體電路IC 8542.39.00.22-8 | D10: 圓03/31 | E10: OK
A11: 八均科技股份有限公司 | B11: 50886525 | C11: 積體電路IC 8542.39.00.90-5 | D11: 圓03/31 | E11: OK
A12: 浩旺國際有限公司 | B12: 85045133 | C12: 電腦記憶體 8542.32.00.90-2 硬盤盒零件8473.30.00.00-6 SSD 硬盤 8523.51.00.00-0 | D12: 圓03/31 | E12: OK
... A54: 碩擇實業股份有限公司 | B54: 23612447 | C54: IC-8542.39.00.22-8 | D54: 茹 | E54: OK

Sheet 工作表2
A1: 16130009 | B1: =MATCH(A1,工作表1!B:B,0) -> #N/A
A2: 54981206 | B2: =MATCH(A2,工作表1!B:B,0) -> #N/A
A3: 97482186 | B3: =MATCH(A3,工作表1!B:B,0) -> #N/A
A4: 80559251 | B4: =MATCH(A4,工作表1!B:B,0) -> #N/A
A5: 84566661 | B5: =MATCH(A5,工作表1!B:B,0) -> #N/A
A6: 80212998 | B6: =MATCH(A6,工作表1!B:B,0) -> #N/A
A7: 53991607 | B7: =MATCH(A7,工作表1!B:B,0) -> #N/A
A8: 52573942 | B8: =MATCH(A8,工作表1!B:B,0) -> #N/A
A9: 86436593 | B9: =MATCH(A9,工作表1!B:B,0) -> #N/A
A10: 54098493 | B10: =MATCH(A10,工作表1!B:B,0) -> #N/A
A11: 54213992 | B11: =MATCH(A11,工作表1!B:B,0) -> #N/A
A12: 23817434 | B12: =MATCH(A12,工作表1!B:B,0) -> #N/A
... A19: 36165005 | B19: =MATCH(A19,工作表1!B:B,0) -> #N/A
B20: =MATCH(A20,工作表1!B:B,0) -> #N/A
B21: =MATCH(A21,工作表1!B:B,0) -> #N/A
B22: =MATCH(A22,工作表1!B:B,0) -> #N/A
B23: =MATCH(A23,工作表1!B:B,0) -> #N/A
B24: =MATCH(A24,工作表1!B:B,0) -> #N/A
B25: =MATCH(A25,工作表1!B:B,0) -> #N/A
B26: =MATCH(A26,工作表1!B:B,0) -> #N/A
